date,ticker,alerted_at_utc,move_pct
2026-09-08,AMD,13:37:23,4.07
2026-09-08,AVGO,13:37:23,3.34
2026-09-08,TSLA,14:25:49,3.09
2026-09-09,META,13:37:30,4.99
2026-09-09,AMD,13:50:59,3.2
2026-09-10,AMD,16:22:45,-3.07
2026-09-11,AMD,14:01:36,3.55
2026-09-11,GOOGL,15:22:59,3.33
2026-09-14,NVDA,13:40:00,-4.12
2026-09-14,AMD,13:40:00,-6.3
2026-09-14,NFLX,13:40:00,3.31
2026-09-14,AVGO,13:40:00,-4.12
2026-09-14,GOOGL,17:35:16,3.18
2026-09-14,META,18:25:58,3.03
2026-09-15,AMD,14:01:55,3.7
2026-09-15,NFLX,14:24:08,-3.13
2026-09-16,AMD,14:02:30,3.53
2026-09-17,AMD,14:01:34,3.91
2026-09-17,TSLA,14:25:17,3.15
2026-09-18,NFLX,17:03:49,-4.86
2026-09-21,AMD,18:21:19,9.18
2026-09-21,META,18:21:19,11.27
2026-09-23,GOOGL,17:31:42,-3.86
2026-09-23,AVGO,17:31:42,-3.12
2026-09-24,META,17:36:53,5.01
2026-09-25,MSFT,17:36:26,4.08
2026-09-25,META,17:36:26,-3.2
2026-09-28,TSLA,19:52:49,-4.16
2026-09-28,AMD,19:52:49,-3.75
2026-09-28,META,19:52:49,-4.3
2026-10-01,GOOGL,18:36:25,-3.01
2026-10-02,TSLA,18:05:58,4.6
2026-10-06,AMD,18:40:16,3.4
2026-10-06,AVGO,18:40:16,4.31
2026-10-08,NVDA,19:03:05,-3.0
2026-10-08,AMD,19:03:05,-4.58
2026-10-08,AVGO,19:03:05,-4.72
